Nodo,Grupo,ScientificName,Freshwater,Marine,Terrestrial,Fuente de ocurrencia,AphiaID,TaxonRank,TaxonName,TaxonomicStatus,AcceptedName,Kingdom,Phylum,Class,Order,Family,Genus,Species,Authority,Ref,CiteWorms,Observaciones
Aegla neuquensis,Decapoda,Aegla neuquensis,TRUE,FALSE,FALSE,ArgentiNat,366970,Genus,"Aegla Leach, 1821",accepted,"Aegla Leach, 1821",Animalia,Arthropoda,Malacostraca,Decapoda,Aeglidae,Aegla,,"Leach, 1821",https://www.marinespecies.org/aphia.php?p=taxdetails&id=366970,"DecaNet eds. (2024). DecaNet. Aegla Leach, 1821. Accessed through: World Register of Marine Species at: https://www.marinespecies.org/aphia.php?p=taxdetails&amp;id=366970 on 2024-07-02",
Algae,,,FALSE,FALSE,FALSE,,,,,,,,,,,,,,,,,
Amphipoda,,,FALSE,FALSE,FALSE,,,,,,,,,,,,,,,,,
Anser anser,Aves,Anser anser,TRUE,FALSE,FALSE,ArgentiNat,416682,Species,"Anser anser (Linnaeus, 1758)",accepted,"Anser anser (Linnaeus, 1758)",Animalia,Chordata,Aves,Anseriformes,Anatidae,Anser,anser,"(Linnaeus, 1758)",https://www.marinespecies.org/aphia.php?p=taxdetails&id=416682,"WoRMS (2024). Anser anser (Linnaeus, 1758). Accessed at: https://www.marinespecies.org/aphia.php?p=taxdetails&amp;id=416682 on 2024-07-02",
Aves_carroñeras,Aves,Cathartes aura,FALSE,FALSE,TRUE,ArgentiNat,159144,Species,"Cathartes aura (Linnaeus, 1758)",accepted,"Cathartes aura (Linnaeus, 1758)",Animalia,Chordata,Aves,Accipitriformes,Cathartidae,Cathartes,aura,"(Linnaeus, 1758)",https://www.marinespecies.org/aphia.php?p=taxdetails&id=159144,"WoRMS (2024). Cathartes aura (Linnaeus, 1758). Accessed at: https://www.marinespecies.org/aphia.php?p=taxdetails&amp;id=159144 on 2024-07-02",
Aves_carroñeras,Aves,Coragyps atratus,TRUE,TRUE,TRUE,ArgentiNat,159147,Species,"Coragyps atratus (Bechstein, 1783)",accepted,"Coragyps atratus (Bechstein, 1783)",Animalia,Chordata,Aves,Accipitriformes,Cathartidae,Coragyps,atratus,"(Bechstein, 1783)",https://www.marinespecies.org/aphia.php?p=taxdetails&id=159147,"WoRMS (2024). Coragyps atratus (Bechstein, 1783). Accessed at: https://www.marinespecies.org/aphia.php?p=taxdetails&amp;id=159147 on 2024-07-02",
Aves_carroñeras,Aves,Macronectes giganteus,FALSE,TRUE,FALSE,ArgentiNat,212636,Species,"Macronectes giganteus (Gmelin, 1789)",accepted,"Macronectes giganteus (Gmelin, 1789)",Animalia,Chordata,Aves,Procellariiformes,Procellariidae,Macronectes,giganteus,"(Gmelin, 1789)",https://www.marinespecies.org/aphia.php?p=taxdetails&id=212636,"WoRMS (2024). Macronectes giganteus (Gmelin, 1789). Accessed at: https://www.marinespecies.org/aphia.php?p=taxdetails&amp;id=212636 on 2024-07-02",
Aves_carroñeras,Aves,Milvago chimango,FALSE,FALSE,TRUE,ArgentiNat,,Species,"Milvago chimango Vieillot, 1816",accepted,"Milvago chimango Vieillot, 1816",Animalia,Chordata,Aves,Falconiformes,Falconidae,Milvago,chimango,"Vieillot, 1816",,,
Aves_cazadoras,Aves,Athene cunicularia,FALSE,FALSE,TRUE,ArgentiNat,422611,Species,"Athene cunicularia (Molina, 1782)",accepted,"Athene cunicularia (Molina, 1782)",Animalia,Chordata,Aves,Strigiformes,Strigidae,Athene,cunicularia,"(Molina, 1782)",https://www.marinespecies.org/aphia.php?p=taxdetails&id=422611,"WoRMS (2024). Athene cunicularia (Molina, 1782). Accessed at: https://www.marinespecies.org/aphia.php?p=taxdetails&amp;id=422611 on 2024-07-02",
Aves_cazadoras,Aves,Falco peregrinus,FALSE,FALSE,TRUE,ArgentiNat,159153,Species,"Falco peregrinus Tunstall, 1771",accepted,"Falco peregrinus Tunstall, 1771",Animalia,Chordata,Aves,Falconiformes,Falconidae,Falco,peregrinus,"Tunstall, 1771",https://www.marinespecies.org/aphia.php?p=taxdetails&id=159153,"WoRMS (2024). Falco peregrinus Tunstall, 1771. Accessed at: https://www.marinespecies.org/aphia.php?p=taxdetails&amp;id=159153 on 2024-07-02",
Aves_cazadoras,Aves,Falco sparverius,FALSE,FALSE,TRUE,ArgentiNat,159072,Species,"Falco sparverius Linnaeus, 1758",accepted,"Falco sparverius Linnaeus, 1758",Animalia,Chordata,Aves,Falconiformes,Falconidae,Falco,sparverius,"Linnaeus, 1758",https://www.marinespecies.org/aphia.php?p=taxdetails&id=159072,"WoRMS (2024). Falco sparverius Linnaeus, 1758. Accessed at: https://www.marinespecies.org/aphia.php?p=taxdetails&amp;id=159072 on 2024-07-02",
Aves_cazadoras,Aves,Parabuteo unicinctus,FALSE,FALSE,TRUE,ArgentiNat,,Species,"Parabuteo unicinctus Temminck, 1824",accepted,"Parabuteo unicinctus Temminck, 1824",Animalia,Chordata,Aves,Accipitriformes,Accipitridae,Parabuteo,unicintus,"Temminck, 1824",,,
Aves_cazadoras,Aves,Elanus leucurus,TRUE,FALSE,TRUE,ArgentiNat,NA,Species,,,,Animalia,Chordata,Mammalia,,,,,,,,
Aves_cazadoras,Aves,Bubo magellanicus,FALSE,FALSE,TRUE,ArgentiNat,1476307,Species,"Bubo magellanicus (Lesson, 1828)",accepted,"Bubo magellanicus (Lesson, 1828)",Animalia,Chordata,Aves,Strigiformes,Strigidae,Bubo,magellanicus,"(Lesson, 1828)",https://www.marinespecies.org/aphia.php?p=taxdetails&id=1476307,"WoRMS (2024). Bubo magellanicus (Lesson, 1828). Accessed at: https://www.marinespecies.org/aphia.php?p=taxdetails&amp;id=1476307 on 2024-07-23",
Aves_cazadoras,Aves,Circus cinereus,FALSE,FALSE,TRUE,ArgentiNat,,Species,"Circus cinereus Vieillot, 1816",accepted,"Circus cinereus Vieillot, 1816",Animalia,Chordata,Aves,Accipitriformes,Accipitridae,Circus,cinereus,"Vieillot, 1816",,,
Aves_cazadoras,Aves,Tyto alba,FALSE,FALSE,TRUE,De Tomasso,1484610,Species,"Tyto alba (Scopoli, 1769)",accepted,"Tyto alba (Scopoli, 1769)",Animalia,Chordata,Aves,Strigiformes,Tytonidae,Tyto,alba,"(Scopoli, 1769)",https://www.marinespecies.org/aphia.php?p=taxdetails&id=1484610,"WoRMS (2024). Tyto alba (Scopoli, 1769). Accessed at: https://www.marinespecies.org/aphia.php?p=taxdetails&amp;id=1484610 on 2024-07-23",
Belostoma bifovelatum,Insecta,Belostoma bifovelatum,TRUE,FALSE,FALSE,Melo 2009,,,,,,Animalia,Arthropoda,Insecta,,,,,,https://www.marinespecies.org/aphia.php?p=taxdetails&id=,,
Aves_terrestres,Aves,Callipepla californica,FALSE,FALSE,TRUE,ArgentiNat,,Species,"Callipepla californica (Shaw, 1798)",accepted,"Callipepla californica (Shaw, 1798)",Animalia,Chordata,Aves,Galliformes,Odontophoridae,Callipepla,californica,"(Shaw, 1798)",,,
Carroña,,,FALSE,FALSE,FALSE,,,,,,,,,,,,,,,,,
Aves_terrestres,Aves,Theristicus melanopis,TRUE,FALSE,FALSE,ArgentiNat,,Species,"Theristicus melanopis (JF Gmelin, 1789)",accepted,"Theristicus melanopis (JF Gmelin, 1789)",Animalia,Chordata,Aves,Pelecaniformes,Threskiornithidae ,Theristicus,melanopis,"(JF Gmelin, 1789)",,,
Cauquenes,Aves,Chloephaga picta,TRUE,FALSE,FALSE,ArgentiNat,225936,Species,"Chloephaga picta (Gmelin, 1789)",accepted,"Chloephaga picta (Gmelin, 1789)",Animalia,Chordata,Aves,Anseriformes,Anatidae,Chloephaga,picta,"(Gmelin, 1789)",https://www.marinespecies.org/aphia.php?p=taxdetails&id=225936,"WoRMS (2024). Chloephaga picta (Gmelin, 1789). Accessed at: https://www.marinespecies.org/aphia.php?p=taxdetails&amp;id=225936 on 2024-07-02",
Chilina,Gastropoda,Chilina,TRUE,FALSE,FALSE,ArgentiNat,718782,Genus,"Chilina Gray, 1828",accepted,"Chilina Gray, 1828",Animalia,Mollusca,Gastropoda,,Chilinidae,Chilina,,"Gray, 1828",https://www.marinespecies.org/aphia.php?p=taxdetails&id=718782,"MolluscaBase eds. (2024). MolluscaBase. Chilina Gray, 1828. Accessed through: World Register of Marine Species at: https://www.marinespecies.org/aphia.php?p=taxdetails&amp;id=718782 on 2024-07-02",
Cauquenes,Aves,Chloephaga poliocephala,TRUE,FALSE,FALSE,ArgentiNat,225992,Species,"Chloephaga poliocephala Sclater, 1857",accepted,"Chloephaga poliocephala Sclater, 1857",Animalia,Chordata,Aves,Anseriformes,Anatidae,Chloephaga,poliocephala,"Sclater, 1857",https://www.marinespecies.org/aphia.php?p=taxdetails&id=225992,"WoRMS (2024). Chloephaga poliocephala Sclater, 1857. Accessed at: https://www.marinespecies.org/aphia.php?p=taxdetails&amp;id=225992 on 2024-07-02",
Chorlos y playeros,Aves,Vanellus chilensis,TRUE,FALSE,TRUE,ArgentiNat,366839,Species,"Vanellus chilensis (Molina, 1782)",accepted,"Vanellus chilensis (Molina, 1782)",Animalia,Chordata,Aves,Charadriiformes,Charadriidae,Vanellus,chilensis,"(Molina, 1782)",https://www.marinespecies.org/aphia.php?p=taxdetails&id=366839,"WoRMS (2024). Vanellus chilensis (Molina, 1782). Accessed at: https://www.marinespecies.org/aphia.php?p=taxdetails&amp;id=366839 on 2024-07-02",
Chorlos y playeros,Aves,Phalaropus tricolor,TRUE,TRUE,FALSE,ArgentiNat,159043,Species,"Phalaropus tricolor (Vieillot, 1819)",accepted,"Phalaropus tricolor (Vieillot, 1819)",Animalia,Chordata,Aves,Charadriiformes,Phalaropodidae,Phalaropus,tricolor,"(Vieillot, 1819)",https://www.marinespecies.org/aphia.php?p=taxdetails&id=159043,"WoRMS (2024). Phalaropus tricolor (Vieillot, 1819). Accessed at: https://www.marinespecies.org/aphia.php?p=taxdetails&amp;id=159043 on 2024-07-02",
Chorlos y playeros,Aves,Himantopus mexicanus,TRUE,TRUE,FALSE,ArgentiNat,159131,Species,"Himantopus mexicanus (Müller, 1776)",accepted,"Himantopus mexicanus (Müller, 1776)",Animalia,Chordata,Aves,Charadriiformes,Recurvirostridae,Himantopus,mexicanus,"(Müller, 1776)",https://www.marinespecies.org/aphia.php?p=taxdetails&id=159131,"WoRMS (2024). Himantopus mexicanus (Müller, 1776). Accessed at: https://www.marinespecies.org/aphia.php?p=taxdetails&amp;id=159131 on 2024-07-02",
Chorlos y playeros,Aves,Calidris fuscicollis,TRUE,TRUE,FALSE,ArgentiNat,159050,Species,"Calidris fuscicollis (Vieillot, 1819)",accepted,"Calidris fuscicollis (Vieillot, 1819)",Animalia,Chordata,Aves,Charadriiformes,Scolopacidae,Calidris,fuscicollis,"(Vieillot, 1819)",https://www.marinespecies.org/aphia.php?p=taxdetails&id=159050,"WoRMS (2024). Calidris fuscicollis (Vieillot, 1819). Accessed at: https://www.marinespecies.org/aphia.php?p=taxdetails&amp;id=159050 on 2024-07-02",
Chorlos y playeros,Aves,Limosa haemastica,TRUE,TRUE,FALSE,ArgentiNat,159033,Species,"Limosa haemastica (Linnaeus, 1758)",accepted,"Limosa haemastica (Linnaeus, 1758)",Animalia,Chordata,Aves,Charadriiformes,Scolopacidae,Limosa,haemastica,"(Linnaeus, 1758)",https://www.marinespecies.org/aphia.php?p=taxdetails&id=159033,"WoRMS (2024). Limosa haemastica (Linnaeus, 1758). Accessed at: https://www.marinespecies.org/aphia.php?p=taxdetails&amp;id=159033 on 2024-07-02",
Chorlos y playeros,Aves,Tringa flavipes,TRUE,TRUE,FALSE,ArgentiNat,159030,Species,"Tringa flavipes (Gmelin, 1789)",accepted,"Tringa flavipes (Gmelin, 1789)",Animalia,Chordata,Aves,Charadriiformes,Scolopacidae,Tringa,flavipes,"(Gmelin, 1789)",https://www.marinespecies.org/aphia.php?p=taxdetails&id=159030,"WoRMS (2024). Tringa flavipes (Gmelin, 1789). Accessed at: https://www.marinespecies.org/aphia.php?p=taxdetails&amp;id=159030 on 2024-07-02",
Chorlos y playeros,Aves,Tringa melanoleuca,TRUE,TRUE,FALSE,ArgentiNat,158967,Species,"Tringa melanoleuca (Gmelin, 1789)",accepted,"Tringa melanoleuca (Gmelin, 1789)",Animalia,Chordata,Aves,Charadriiformes,Scolopacidae,Tringa,melanoleuca,"(Gmelin, 1789)",https://www.marinespecies.org/aphia.php?p=taxdetails&id=158967,"WoRMS (2024). Tringa melanoleuca (Gmelin, 1789). Accessed at: https://www.marinespecies.org/aphia.php?p=taxdetails&amp;id=158967 on 2024-07-02",
Cisnes,Aves,Coscoroba coscoroba,TRUE,TRUE,FALSE,ArgentiNat,225937,Species,"Coscoroba coscoroba (Molina, 1782)",accepted,"Coscoroba coscoroba (Molina, 1782)",Animalia,Chordata,Aves,Anseriformes,Anatidae,Coscoroba,coscoroba,"(Molina, 1782)",https://www.marinespecies.org/aphia.php?p=taxdetails&id=225937,"WoRMS (2024). Coscoroba coscoroba (Molina, 1782). Accessed at: https://www.marinespecies.org/aphia.php?p=taxdetails&amp;id=225937 on 2024-07-02",
Corbicula,Bivalvia,Corbicula,TRUE,FALSE,FALSE,Trovant et al 2022,,,,,,Animalia,Mollusca,Bivalvia,,,,,,,,
Cisnes,Aves,Cygnus melancoryphus,TRUE,FALSE,FALSE,ArgentiNat,225771,Species,"Cygnus melancoryphus (Molina, 1782)",accepted,"Cygnus melancoryphus (Molina, 1782)",Animalia,Chordata,Aves,Anseriformes,Anatidae,Cygnus,melancoryphus,"(Molina, 1782)",https://www.marinespecies.org/aphia.php?p=taxdetails&id=225771,"WoRMS (2024). Cygnus melancoryphus (Molina, 1782). Accessed at: https://www.marinespecies.org/aphia.php?p=taxdetails&amp;id=225771 on 2024-07-02",
Cormoranes,Aves,Phalacrocorax atriceps,TRUE,TRUE,FALSE,ArgentiNat,1603882,Species,"Leucocarbo atriceps (King, 1828)",accepted,"Phalacrocorax atriceps King, 1828",Animalia,Chordata,Aves,Pelecaniformes,Phalacrocoracidae,Phalacrocorax ,atriceps,"(King, 1828)",https://www.marinespecies.org/aphia.php?p=taxdetails&id=1603882,"WoRMS (2024). Leucocarbo atriceps (King, 1828). Accessed at: https://www.marinespecies.org/aphia.php?p=taxdetails&amp;id=1603882 on 2024-07-02",
Cyrtograpsus angulatus,Decapoda,Cyrtograpsus angulatus,TRUE,TRUE,FALSE,ArgentiNat,444764,Species,"Cyrtograpsus angulatus Dana, 1851",accepted,"Cyrtograpsus angulatus Dana, 1851",Animalia,Arthropoda,Malacostraca,Decapoda,Varunidae,Cyrtograpsus,angulatus,"Dana, 1851",https://www.marinespecies.org/aphia.php?p=taxdetails&id=444764,"DecaNet eds. (2024). DecaNet. Cyrtograpsus angulatus Dana, 1851. Accessed through: World Register of Marine Species at: https://www.marinespecies.org/aphia.php?p=taxdetails&amp;id=444764 on 2024-07-02",
Detritus,,,FALSE,FALSE,FALSE,,,,,,,,,,,,,,,,,
Diplomystes mesembrinus,Teleostei,Olivaichthys mesembrinus,TRUE,FALSE,FALSE,Baigun et al 2022; Cocchia et al 2023,1593932,Species,"Olivaichthys mesembrinus (Ringuelet, 1982)",accepted,"Olivaichthys mesembrinus (Ringuelet, 1982)",Animalia,Chordata,Teleostei,Siluriformes,Diplomystidae,Olivaichthys,mesembrinus,"Ringuelet, 1982",https://www.marinespecies.org/aphia.php?p=taxdetails&id=1593932,"Froese, R. and D. Pauly. Editors. (2024). FishBase. Diplomystes mesembrinus Ringuelet, 1982. Accessed through: World Register of Marine Species at: https://www.marinespecies.org/aphia.php?p=taxdetails&amp;id=1593932 on 2024-07-03",Baigun et al 2022; Cocchia et al 2026
Dolichotis patagonum,Mammalia,Dolichotis patagonum,FALSE,FALSE,TRUE,ArgentiNat,NA,Species,,,,Animalia,Chordata,Mammalia,,,,,,,,
Erythrolamprus sagittifer,Reptilia,Erythrolamprus sagittifer,FALSE,FALSE,TRUE,ArgentiNat,NA,Species,,,,Animalia,Chordata,Reptilia,,,,,,,,
Fitoplancton,,,FALSE,FALSE,FALSE,,,,,,,,,,,,,,,,,
Cormoranes,Aves,Phalacrocorax brasilianus,TRUE,TRUE,FALSE,ArgentiNat,,Species,"Nannopterum brasilianum (King, 1828)",accepted,"Phalacrocorax brasilianus King, 1828",Animalia,Chordata,Aves,Pelecaniformes,Phalacrocoracidae,Phalacrocorax ,brasilianus,"King, 1828",,,
Gallaretas,Aves,Fulica armillata,TRUE,FALSE,FALSE,,1443772,Species,"Fulica armillata Vieillot, 1817",accepted,"Fulica armillata Vieillot, 1817",Animalia,Chordata,Aves,Gruiformes,Rallidae,Fulica,armillata,"Vieillot, 1817",https://www.marinespecies.org/aphia.php?p=taxdetails&id=1443772,"WoRMS (2024). Fulica armillata Vieillot, 1817. Accessed at: https://www.marinespecies.org/aphia.php?p=taxdetails&amp;id=1443772 on 2024-07-03",
Gallaretas,Aves,Fulica leucoptera,TRUE,FALSE,FALSE,ArgentiNat,1443771,Species,"Fulica leucoptera Vieillot, 1817",accepted,"Fulica leucoptera Vieillot, 1817",Animalia,Chordata,Aves,Gruiformes,Rallidae,Fulica,leucoptera,"Vieillot, 1817",https://www.marinespecies.org/aphia.php?p=taxdetails&id=1443771,"WoRMS (2024). Fulica leucoptera Vieillot, 1817. Accessed at: https://www.marinespecies.org/aphia.php?p=taxdetails&amp;id=1443771 on 2024-07-02",
Gallaretas,Aves,Fulica rufifrons,TRUE,FALSE,FALSE,ArgentiNat,,Species,"Fulica rufifrons Philippy et Landbeck, 1861",accepted,"Fulica rufifrons Philippy et Landbeck, 1861",Animalia,Chordata,Aves,Gruiformes,Rallidae,Fulica,rufifrons,"Philippy et Landbeck, 1861",,,
Garzas,Aves,Egretta thula,TRUE,TRUE,FALSE,ArgentiNat,159116,Species,"Egretta thula (Molina, 1782)",accepted,"Egretta thula (Molina, 1782)",Animalia,Chordata,Aves,Ciconiiformes,Ardeidae,Egretta,thula,"(Molina, 1782)",https://www.marinespecies.org/aphia.php?p=taxdetails&id=159116,"WoRMS (2024). Egretta thula (Molina, 1782). Accessed at: https://www.marinespecies.org/aphia.php?p=taxdetails&amp;id=159116 on 2024-07-02",
Garzas,Aves,Nycticorax nycticorax,TRUE,TRUE,FALSE,ArgentiNat,159123,Species,"Nycticorax nycticorax (Linnaeus, 1758)",accepted,"Nycticorax nycticorax (Linnaeus, 1758)",Animalia,Chordata,Aves,Ciconiiformes,Ardeidae,Nycticorax,nycticorax,"(Linnaeus, 1758)",https://www.marinespecies.org/aphia.php?p=taxdetails&id=159123,"WoRMS (2024). Nycticorax nycticorax (Linnaeus, 1758). Accessed at: https://www.marinespecies.org/aphia.php?p=taxdetails&amp;id=159123 on 2024-07-02",
Gaviotas,Aves,Larus dominicanus,TRUE,TRUE,TRUE,ArgentiNat,212624,Species,"Larus dominicanus Lichtenstein, 1823",accepted,"Larus dominicanus Lichtenstein, 1823",Animalia,Chordata,Aves,Charadriiformes,Laridae,Larus,dominicanus,"Lichtenstein, 1823",https://www.marinespecies.org/aphia.php?p=taxdetails&id=212624,"WoRMS (2024). Larus dominicanus Lichtenstein, 1823. Accessed at: https://www.marinespecies.org/aphia.php?p=taxdetails&amp;id=212624 on 2024-07-02",
Gaviotas,Aves,Larus maculipennis,TRUE,TRUE,TRUE,ArgentiNat,225946,Species,"Larus maculipennis Lichtenstein, 1823",accepted,"Larus maculipennis Lichtenstein, 1823",Animalia,Chordata,Aves,Charadriiformes,Laridae,Larus,maculipennis,"Lichtenstein, 1823",https://www.marinespecies.org/aphia.php?p=taxdetails&id=225946,"WoRMS (2024). Larus maculipennis Lichtenstein, 1823. Accessed at: https://www.marinespecies.org/aphia.php?p=taxdetails&amp;id=225946 on 2024-07-02",
Gaviotines,Aves,Sterna hirundinacea,FALSE,TRUE,FALSE,ArgentiNat,225979,Species,"Sterna hirundinacea Lesson, 1831",accepted,"Sterna hirundinacea Lesson, 1831",Animalia,Chordata,Aves,Charadriiformes,Laridae,Sterna,hirundinacea,"Lesson, 1831",https://www.marinespecies.org/aphia.php?p=taxdetails&id=225979,"WoRMS (2024). Sterna hirundinacea Lesson, 1831. Accessed at: https://www.marinespecies.org/aphia.php?p=taxdetails&amp;id=225979 on 2024-07-02",
Genidens barbus,Teleostei,Genidens barbus,TRUE,TRUE,FALSE,ArgentiNat,280825,Species,"Genidens barbus (Lacepède, 1803)",accepted,"Genidens barbus (Lacepède, 1803)",Animalia,Chordata,Teleostei,Siluriformes,Ariidae,Genidens,barbus,"(Lacepède, 1803)",https://www.marinespecies.org/aphia.php?p=taxdetails&id=280825,"Froese, R. and D. Pauly. Editors. (2024). FishBase. Genidens barbus (Lacepède, 1803). Accessed through: World Register of Marine Species at: https://www.marinespecies.org/aphia.php?p=taxdetails&amp;id=280825 on 2024-07-02",
Geotria macrostoma_adult,Petromyzonti,Geotria macrostoma,TRUE,TRUE,FALSE,Baigun et al 2022; Cocchia et al 2023,298254,Species,"Geotria macrostoma (Burmeister, 1868)",accepted,"Geotria macrostoma (Burmeister, 1868)",Animalia,Chordata,Petromyzonti,Petromyzontiformes,Geotriidae,Geotria,macrostoma,"(Burmeister, 1868)",https://www.marinespecies.org/aphia.php?p=taxdetails&id=298254,"Froese, R. and D. Pauly. Editors. (2024). FishBase. Geotria macrostoma (Burmeister, 1868). Accessed through: World Register of Marine Species at: https://www.marinespecies.org/aphia.php?p=taxdetails&amp;id=298254 on 2024-07-03",Baigun et al 2022; Cocchia et al 2027
Geotria macrostoma_juvenile,Petromyzonti,Geotria macrostoma,TRUE,TRUE,FALSE,Baigun et al 2022; Cocchia et al 2023,298254,Species,"Geotria macrostoma (Burmeister, 1868)",accepted,"Geotria macrostoma (Burmeister, 1868)",Animalia,Chordata,Petromyzonti,Petromyzontiformes,Geotriidae,Geotria,macrostoma,"(Burmeister, 1868)",https://www.marinespecies.org/aphia.php?p=taxdetails&id=298254,"Froese, R. and D. Pauly. Editors. (2024). FishBase. Geotria macrostoma (Burmeister, 1868). Accessed through: World Register of Marine Species at: https://www.marinespecies.org/aphia.php?p=taxdetails&amp;id=298254 on 2024-07-03",Baigun et al 2022; Cocchia et al 2027
Hatcheria macraei,Teleostei,Hatcheria macraei,TRUE,FALSE,FALSE,Baigun et al 2022; Cocchia et al 2023,1015006,Species,"Hatcheria macraei (Girard, 1855)",accepted,"Hatcheria macraei (Girard, 1855)",Animalia,Chordata,Teleostei,Siluriformes,Trichomycteridae,Hatcheria,macraei,"(Girard, 1855)",https://www.marinespecies.org/aphia.php?p=taxdetails&id=1015006,"Froese, R. and D. Pauly. Editors. (2024). FishBase. Hatcheria macraei (Girard, 1855). Accessed through: World Register of Marine Species at: https://www.marinespecies.org/aphia.php?p=taxdetails&amp;id=1015006 on 2024-07-03",Baigun et al 2022; Cocchia et al 2025
Insecta_aquatic adult,,,FALSE,FALSE,FALSE,,,,,,,,,,,,,,,,,
Insecta_larvae,,,FALSE,FALSE,FALSE,,,,,,,,,,,,,,,,,
Insecta_terrestrial adult,,,FALSE,FALSE,FALSE,,,,,,,,,,,,,,,,,
Lepus europaeus,Mammalia,Lepus europaeus,FALSE,FALSE,TRUE,ArgentiNat,1603294,Species,"Lepus europaeus Pallas, 1778",accepted,"Lepus europaeus Pallas, 1778",Animalia,Chordata,Mammalia,Lagomorpha,Leporidae,Lepus,europaeus,"Pallas, 1778",https://www.marinespecies.org/aphia.php?p=taxdetails&id=1603294,"WoRMS (2024). Lepus europaeus Pallas, 1778. Accessed at: https://www.marinespecies.org/aphia.php?p=taxdetails&amp;id=1603294 on 2024-07-02",
Limacidae,Gastropoda,Limacidae,TRUE,FALSE,TRUE,ArgentiNat,154015,Family,"Limacidae Batsch, 1789",accepted,"Limacidae Batsch, 1789",Animalia,Mollusca,Gastropoda,Stylommatophora,Limacidae,,,"Batsch, 1789",https://www.marinespecies.org/aphia.php?p=taxdetails&id=154015,"MolluscaBase eds. (2024). MolluscaBase. Limacidae Batsch, 1789. Accessed through: World Register of Marine Species at: https://www.marinespecies.org/aphia.php?p=taxdetails&amp;id=154015 on 2024-07-23",
Liolaemus fitzingerii,Reptilia,Liolaemus fitzingerii,FALSE,FALSE,TRUE,ArgentiNat,NA,Species,,,,Animalia,Chordata,Reptilia,,,,,,,,
Gaviotines,Aves,Sterna sandvicensis,FALSE,TRUE,FALSE,ArgentiNat,137166,Species,"Sterna sandvicensis Latham, 1787",accepted,"Sterna sandvicensis Latham, 1787",Animalia,Chordata,Aves,Charadriiformes,Laridae,Sterna,sandvicensis,"Latham, 1787",https://www.marinespecies.org/aphia.php?p=taxdetails&id=137166,"WoRMS (2024). Sterna sandvicensis Latham, 1787. Accessed at: https://www.marinespecies.org/aphia.php?p=taxdetails&amp;id=137166 on 2024-07-02",
Loros,Aves,Myiopsitta monachus,FALSE,FALSE,TRUE,ArgentiNat,1484493,Species,"Myiopsitta monachus (Boddaert, 1783)",accepted,"Myiopsitta monachus (Boddaert, 1783)",Animalia,Chordata,Aves,Psittaciformes,Psittacidae,Myiopsitta,monachus,"(Boddaert, 1783)",https://www.marinespecies.org/aphia.php?p=taxdetails&id=1484493,"WoRMS (2024). Myiopsitta monachus (Boddaert, 1783). Accessed at: https://www.marinespecies.org/aphia.php?p=taxdetails&amp;id=1484493 on 2024-07-02",
Loros,Aves,Cyanoliseus patagonus,FALSE,FALSE,TRUE,,,Species,"Cyanoliseus patagonus Vieillot, 1817",accepted,"Cyanoliseus patagonus Vieillot, 1817",Animalia,Chordata,Aves,Psittaciformes,Psittacidae,Cyanoliseus ,patagonus,"Vieillot, 1817",,,
Macaes,Aves,Podiceps occipitalis,TRUE,TRUE,FALSE,ArgentiNat,366621,Species,"Podiceps occipitalis Garnot, 1826",accepted,"Podiceps occipitalis Garnot, 1826",Animalia,Chordata,Aves,Podicipediformes,Podicipedidae,Podiceps,occipitalis,"Garnot, 1826",https://www.marinespecies.org/aphia.php?p=taxdetails&id=366621,"WoRMS (2024). Podiceps occipitalis Garnot, 1826. Accessed at: https://www.marinespecies.org/aphia.php?p=taxdetails&amp;id=366621 on 2024-07-02",
Myocastor coypus,Mammalia,Myocastor coypus,TRUE,FALSE,FALSE,ArgentiNat,594792,Species,"Myocastor coypus (Molina, 1782)",accepted,"Myocastor coypus (Molina, 1782)",Animalia,Chordata,Mammalia,Rodentia,Myocastoridae,Myocastor,Cargando...,"(Molina, 1782)",https://www.marinespecies.org/aphia.php?p=taxdetails&id=594792,"WoRMS (2024). Myocastor coypus (Molina, 1782). Accessed at: https://www.marinespecies.org/aphia.php?p=taxdetails&amp;id=594792 on 2024-07-02",
Nematoda,,,FALSE,FALSE,FALSE,,,,,,,,,,,,,,,,,
Neovison vison,Mammalia,Neovison vison,TRUE,FALSE,FALSE,,1506691,Species,"Neovison vison (Schreber, 1777)",accepted,"Neovison vison (Schreber, 1777)",Animalia,Chordata,Mammalia,Carnivora,Mustelidae,Neovison,vison,"(Schreber, 1777)",https://www.marinespecies.org/aphia.php?p=taxdetails&id=1506691,"WoRMS (2024). Neovison vison (Schreber, 1777). Accessed at: https://www.marinespecies.org/aphia.php?p=taxdetails&amp;id=1506691 on 2024-07-23",
Notonecta (Paranecta) virescens,Insecta,Notonecta (Paranecta) virescens,TRUE,FALSE,FALSE,Melo 2009,,,,,,Animalia,Arthropoda,Insecta,,,,,,https://www.marinespecies.org/aphia.php?p=taxdetails&id=,,
Odontesthes hatcheri_adult,Teleostei,Odontesthes hatcheri,TRUE,FALSE,FALSE,Baigun et al 2022; Cocchia et al 2023,1014231,Species,"Odontesthes hatcheri (Eigenmann, 1909)",accepted,"Odontesthes hatcheri (Eigenmann, 1909)",Animalia,Chordata,Teleostei,Atheriniformes,Atherinopsidae,Odontesthes,hatcheri,"(Eigenmann, 1909)",https://www.marinespecies.org/aphia.php?p=taxdetails&id=1014231,"Froese, R. and D. Pauly. Editors. (2024). FishBase. Odontesthes hatcheri (Eigenmann, 1909). Accessed through: World Register of Marine Species at: https://www.marinespecies.org/aphia.php?p=taxdetails&amp;id=1014231 on 2024-07-03",Baigun et al 2022; Cocchia et al 2023
Odontesthes hatcheri_juvenile,Teleostei,Odontesthes hatcheri,TRUE,FALSE,FALSE,Baigun et al 2022; Cocchia et al 2023,1014231,Species,"Odontesthes hatcheri (Eigenmann, 1909)",accepted,"Odontesthes hatcheri (Eigenmann, 1909)",Animalia,Chordata,Teleostei,Atheriniformes,Atherinopsidae,Odontesthes,hatcheri,"(Eigenmann, 1909)",https://www.marinespecies.org/aphia.php?p=taxdetails&id=1014231,"Froese, R. and D. Pauly. Editors. (2024). FishBase. Odontesthes hatcheri (Eigenmann, 1909). Accessed through: World Register of Marine Species at: https://www.marinespecies.org/aphia.php?p=taxdetails&amp;id=1014231 on 2024-07-03",Baigun et al 2022; Cocchia et al 2023
Oligochaeta,,,FALSE,FALSE,FALSE,,,,,,,,,,,,,,,,,
Oncorhynchus mykiss,Teleostei,Oncorhynchus mykiss,TRUE,TRUE,FALSE,Baigun et al 2022; Cocchia et al 2023,127185,Species,"Oncorhynchus mykiss (Walbaum, 1792)",accepted,"Oncorhynchus mykiss (Walbaum, 1792)",Animalia,Chordata,Teleostei,Salmoniformes,Salmonidae,Oncorhynchus ,mykiss,"(Walbaum, 1792)",https://www.marinespecies.org/aphia.php?p=taxdetails&id=127185,,Baigun et al 2022; Cocchia et al 2029
Oncorhynchus tshawytscha,Teleostei,Oncorhynchus tshawytscha,TRUE,TRUE,FALSE,Baigun et al 2022; Cocchia et al 2023,158075,Species,"Oncorhynchus tshawytscha (Walbaum, 1792)",accepted,"Oncorhynchus tshawytscha (Walbaum, 1792)",Animalia,Chordata,Teleostei,Salmoniformes,Salmonidae,Oncorhynchus ,tshawytscha,"(Walbaum, 1792)",https://www.marinespecies.org/aphia.php?p=taxdetails&id=158075,,Baigun et al 2022; Cocchia et al 2030
Macaes,Aves,Rollandia rolland,TRUE,FALSE,FALSE,ArgentiNat,366614,Species,"Rollandia rolland (Quoy &amp; Gaimard, 1824)",accepted,"Rollandia rolland (Quoy &amp; Gaimard, 1824)",Animalia,Chordata,Aves,Podicipediformes,Podicipedidae,Rollandia,#ERROR!,"(Quoy &amp; Gaimard, 1824)",https://www.marinespecies.org/aphia.php?p=taxdetails&id=366614,"WoRMS (2024). Rollandia rolland (Quoy &amp; Gaimard, 1824). Accessed at: https://www.marinespecies.org/aphia.php?p=taxdetails&amp;id=366614 on 2024-07-02",
Macaes,Aves,Podiceps major,TRUE,TRUE,FALSE,ArgentiNat,366612,Species,"Podiceps major (Boddaert, 1783)",accepted,"Podiceps major (Boddaert, 1783)",Animalia,Chordata,Aves,Podicipediformes,Podicipedidae,Podiceps,major,"(Boddaert, 1783)",https://www.marinespecies.org/aphia.php?p=taxdetails&id=366612,"WoRMS (2024). Podiceps major (Boddaert, 1783). Accessed at: https://www.marinespecies.org/aphia.php?p=taxdetails&amp;id=366612 on 2024-07-02",
Ostreros,Aves,Haematopus ater,FALSE,TRUE,FALSE,ArgentiNat,366768,Species,"Haematopus ater Vieillot &amp; Oudart, 1825",accepted,"Haematopus ater Vieillot &amp; Oudart, 1825",Animalia,Chordata,Aves,Charadriiformes,Charadriidae,Haematopus,ater,"Vieillot &amp; Oudart, 1825",https://www.marinespecies.org/aphia.php?p=taxdetails&id=366768,"WoRMS (2024). Haematopus ater Vieillot &amp; Oudart, 1825. Accessed at: https://www.marinespecies.org/aphia.php?p=taxdetails&amp;id=366768 on 2024-07-02",
Ostreros,Aves,Haematopus leucopodus,FALSE,TRUE,FALSE,ArgentiNat,366769,Species,"Haematopus leucopodus Garnot, 1826",accepted,"Haematopus leucopodus Garnot, 1826",Animalia,Chordata,Aves,Charadriiformes,Charadriidae,Haematopus,leucopodus,"Garnot, 1826",https://www.marinespecies.org/aphia.php?p=taxdetails&id=366769,"WoRMS (2024). Haematopus leucopodus Garnot, 1826. Accessed at: https://www.marinespecies.org/aphia.php?p=taxdetails&amp;id=366769 on 2024-07-02",
Ostreros,Aves,Haematopus palliatus,FALSE,TRUE,FALSE,ArgentiNat,159128,Species,"Haematopus palliatus Temminck, 1820",accepted,"Haematopus palliatus Temminck, 1820",Animalia,Chordata,Aves,Charadriiformes,Charadriidae,Haematopus,palliatus,"Temminck, 1820",https://www.marinespecies.org/aphia.php?p=taxdetails&id=159128,"WoRMS (2024). Haematopus palliatus Temminck, 1820. Accessed at: https://www.marinespecies.org/aphia.php?p=taxdetails&amp;id=159128 on 2024-07-02",
Passeriformes,Aves,Hirundo rustica,FALSE,FALSE,TRUE,ArgentiNat,212750,Species,"Hirundo rustica Linnaeus, 1758",accepted,"Hirundo rustica Linnaeus, 1758",Animalia,Chordata,Aves,Passeriformes,Hirundinidae,Hirundo,rustica,"Linnaeus, 1758",https://www.marinespecies.org/aphia.php?p=taxdetails&id=212750,"WoRMS (2024). Hirundo rustica Linnaeus, 1758. Accessed at: https://www.marinespecies.org/aphia.php?p=taxdetails&amp;id=212750 on 2024-07-02",
Passeriformes,Aves,Passer domesticus,FALSE,FALSE,TRUE,ArgentiNat,1451658,Species,"Passer domesticus (Linnaeus, 1758)",accepted,"Passer domesticus (Linnaeus, 1758)",Animalia,Chordata,Aves,Passeriformes,Passeridae,Passer,domesticus,"(Linnaeus, 1758)",https://www.marinespecies.org/aphia.php?p=taxdetails&id=1451658,"WoRMS (2024). Passer domesticus (Linnaeus, 1758). Accessed at: https://www.marinespecies.org/aphia.php?p=taxdetails&amp;id=1451658 on 2024-07-02",
Passeriformes,Aves,Troglodytes aedon,TRUE,FALSE,TRUE,ArgentiNat,1484608,Species,"Troglodytes aedon Vieillot, 1809",accepted,"Troglodytes aedon Vieillot, 1809",Animalia,Chordata,Aves,Passeriformes,Troglodytidae,Troglodytes,aedon,"Vieillot, 1809",https://www.marinespecies.org/aphia.php?p=taxdetails&id=1484608,"WoRMS (2024). Troglodytes aedon Vieillot, 1809. Accessed at: https://www.marinespecies.org/aphia.php?p=taxdetails&amp;id=1484608 on 2024-07-02",
Passeriformes,Aves,Hymenops perspicillatus,TRUE,FALSE,TRUE,ArgentiNat,1034745,Species,"Hymenops perspicillatus (Gmelin, 1789)",accepted,"Hymenops perspicillatus (Gmelin, 1789)",Animalia,Chordata,Aves,Passeriformes,Tyrannidae,Hymenops,perspicillatus,"(Gmelin, 1789)",https://www.marinespecies.org/aphia.php?p=taxdetails&id=1034745,"WoRMS (2024). Hymenops perspicillatus (Gmelin, 1789). Accessed at: https://www.marinespecies.org/aphia.php?p=taxdetails&amp;id=1034745 on 2024-07-02",
Passeriformes,Aves,Pitangus sulphuratus,TRUE,FALSE,TRUE,ArgentiNat,1484536,Species,"Pitangus sulphuratus (Linnaeus, 1766)",accepted,"Pitangus sulphuratus (Linnaeus, 1766)",Animalia,Chordata,Aves,Passeriformes,Tyrannidae,Pitangus,sulphuratus,"(Linnaeus, 1766)",https://www.marinespecies.org/aphia.php?p=taxdetails&id=1484536,"WoRMS (2024). Pitangus sulphuratus (Linnaeus, 1766). Accessed at: https://www.marinespecies.org/aphia.php?p=taxdetails&amp;id=1484536 on 2024-07-02",
Passeriformes,Aves,Tyrannus savana,FALSE,FALSE,TRUE,ArgentiNat,1484984,Species,"Tyrannus savana Daudin, 1802",accepted,"Tyrannus savana Daudin, 1802",Animalia,Chordata,Aves,Passeriformes,Tyrannidae,Tyrannus,savana,"Daudin, 1802",https://www.marinespecies.org/aphia.php?p=taxdetails&id=1484984,"WoRMS (2024). Tyrannus savana Daudin, 1802. Accessed at: https://www.marinespecies.org/aphia.php?p=taxdetails&amp;id=1484984 on 2024-07-02",
Passeriformes,Aves,Lessonia rufa,FALSE,FALSE,TRUE,ArgentiNat,,Species,,,,Animalia,Chordata,Aves,,,,,,,,
Passeriformes,Aves,Pseudocolopteryx flaviventris,TRUE,FALSE,FALSE,ArgentiNat,,Species,,,,Animalia,Chordata,Aves,,,,,,,,
Passeriformes,Aves,Furnarius rufus,FALSE,FALSE,TRUE,ArgentiNat,,Species,,,,Animalia,Chordata,Aves,,,,,,,,
Passeriformes,Aves,Leistes loyca,FALSE,FALSE,TRUE,ArgentiNat,,Species,,,,Animalia,Chordata,Aves,,,,,,,,
Passeriformes,Aves,Mimus patagonicus,FALSE,FALSE,TRUE,ArgentiNat,,Species,,,,Animalia,Chordata,Aves,,,,,,,,
Passeriformes,Aves,Mimus saturninus,FALSE,FALSE,TRUE,ArgentiNat,,Species,,,,Animalia,Chordata,Aves,,,,,,,,
Passeriformes,Aves,Molothrus bonariensis,FALSE,FALSE,TRUE,ArgentiNat,,Species,,,,Animalia,Chordata,Aves,,,,,,,,
Passeriformes,Aves,Tachuris rubrigastra,TRUE,FALSE,FALSE,ArgentiNat,,Species,,,,Animalia,Chordata,Aves,,,,,,,,
Patos,Aves,Anas flavirostris,TRUE,FALSE,FALSE,ArgentiNat,225899,Species,"Anas flavirostris Vieillot, 1816",accepted,"Anas flavirostris Vieillot, 1816",Animalia,Chordata,Aves,Anseriformes,Anatidae,Anas,flavirostris,"Vieillot, 1816",https://www.marinespecies.org/aphia.php?p=taxdetails&id=225899,"WoRMS (2024). Anas flavirostris Vieillot, 1816. Accessed at: https://www.marinespecies.org/aphia.php?p=taxdetails&amp;id=225899 on 2024-07-02",
Patos,Aves,Anas georgica,TRUE,FALSE,FALSE,ArgentiNat,225775,Species,"Anas georgica Gmelin, 1789",accepted,"Anas georgica Gmelin, 1789",Animalia,Chordata,Aves,Anseriformes,Anatidae,Anas,georgica,"Gmelin, 1789",https://www.marinespecies.org/aphia.php?p=taxdetails&id=225775,"WoRMS (2024). Anas georgica Gmelin, 1789. Accessed at: https://www.marinespecies.org/aphia.php?p=taxdetails&amp;id=225775 on 2024-07-02",
Patos,Aves,Heteronetta atricapilla,TRUE,FALSE,FALSE,ArgentiNat,225942,Species,"Heteronetta atricapilla (Merrem, 1841)",accepted,"Heteronetta atricapilla (Merrem, 1841)",Animalia,Chordata,Aves,Anseriformes,Anatidae,Heteronetta,atricapilla,"(Merrem, 1841)",https://www.marinespecies.org/aphia.php?p=taxdetails&id=225942,"WoRMS (2024). Heteronetta atricapilla (Merrem, 1841). Accessed at: https://www.marinespecies.org/aphia.php?p=taxdetails&amp;id=225942 on 2024-07-02",
Patos,Aves,Lophonetta specularioides,TRUE,TRUE,FALSE,ArgentiNat,225980,Species,"Lophonetta specularioides King, 1828",accepted,"Lophonetta specularioides King, 1828",Animalia,Chordata,Aves,Anseriformes,Anatidae,Lophonetta,specularioides,"King, 1828",https://www.marinespecies.org/aphia.php?p=taxdetails&id=225980,"WoRMS (2024). Lophonetta specularioides King, 1828. Accessed at: https://www.marinespecies.org/aphia.php?p=taxdetails&amp;id=225980 on 2024-07-02",
Patos,Aves,Netta peposaca,TRUE,FALSE,FALSE,ArgentiNat,225981,Species,"Netta peposaca (Vieillot, 1816)",accepted,"Netta peposaca (Vieillot, 1816)",Animalia,Chordata,Aves,Anseriformes,Anatidae,Netta,paposaca,"(Vieillot, 1816)",https://www.marinespecies.org/aphia.php?p=taxdetails&id=225981,"WoRMS (2024). Netta peposaca (Vieillot, 1816). Accessed at: https://www.marinespecies.org/aphia.php?p=taxdetails&amp;id=225981 on 2024-07-02",
Patos,Aves,Oxyura jamaicensis,FALSE,FALSE,FALSE,,159100,Species,"Oxyura jamaicensis (Gmelin, 1789)",accepted,"Oxyura jamaicensis (Gmelin, 1789)",Animalia,Chordata,Aves,Anseriformes,Anatidae,Oxyura,jamaicensis,"(Gmelin, 1789)",https://www.marinespecies.org/aphia.php?p=taxdetails&id=159100,"WoRMS (2024). Oxyura jamaicensis (Gmelin, 1789). Accessed at: https://www.marinespecies.org/aphia.php?p=taxdetails&amp;id=159100 on 2024-07-18",
Patos,Aves,Oxyura vittata,TRUE,FALSE,FALSE,ArgentiNat,225950,Species,"Oxyura vittata (Philippi, 1860)",accepted,"Oxyura vittata (Philippi, 1860)",Animalia,Chordata,Aves,Anseriformes,Anatidae,Oxyura,vittata,"(Philippi, 1860)",https://www.marinespecies.org/aphia.php?p=taxdetails&id=225950,"WoRMS (2024). Oxyura vittata (Philippi, 1860). Accessed at: https://www.marinespecies.org/aphia.php?p=taxdetails&amp;id=225950 on 2024-07-02",
Patos,Aves,Tachyeres leucocephalus,FALSE,TRUE,FALSE,ArgentiNat,405112,Species,"Tachyeres leucocephalus Humphrey &amp; Thompson, 1981",accepted,"Tachyeres leucocephalus Humphrey &amp; Thompson, 1981",Animalia,Chordata,Aves,Anseriformes,Anatidae,Tachyeres,leucocephalus,"Humphrey &amp; Thompson, 1981",https://www.marinespecies.org/aphia.php?p=taxdetails&id=405112,"WoRMS (2024). Tachyeres leucocephalus Humphrey &amp; Thompson, 1981. Accessed at: https://www.marinespecies.org/aphia.php?p=taxdetails&amp;id=405112 on 2024-07-02",
Patos,Aves,Mareca sibilatrix,TRUE,FALSE,FALSE,ArgentiNat,,Species,,,,Animalia,Chordata,Aves,,,,,,,,
Percichthys trucha,Teleostei,Percichthys trucha,TRUE,FALSE,FALSE,Baigun et al 2022; Cocchia et al 2023,1026863,Species,"Percichthys trucha (Valenciennes, 1833)",accepted,"Percichthys trucha (Valenciennes, 1833)",Animalia,Chordata,Teleostei,Centrarchiformes,Percichthyidae,Percichthys,trucha,"(Valenciennes, 1833)",https://www.marinespecies.org/aphia.php?p=taxdetails&id=1026863,"Froese, R. and D. Pauly. Editors. (2024). FishBase. Percichthys trucha (Valenciennes, 1833). Accessed through: World Register of Marine Species at: https://www.marinespecies.org/aphia.php?p=taxdetails&amp;id=1026863 on 2024-07-03",Baigun et al 2022; Cocchia et al 2024
Perifiton,,,FALSE,FALSE,FALSE,,,,,,,,,,,,,,,,,
Philodryas trilineata,Reptilia,Philodryas trilineata,FALSE,FALSE,TRUE,ArgentiNat,NA,Species,,,,Animalia,Chordata,Reptilia,,,,,,,,
Patos,Aves,Spatula cyanoptera,TRUE,FALSE,FALSE,ArgentiNat,,Species,,,,Animalia,Chordata,Aves,,,,,,,,
Planorbidae,Gastropoda,Planorbidae,TRUE,FALSE,FALSE,ArgentiNat,153908,Family,"Planorbidae Rafinesque, 1815",accepted,"Planorbidae Rafinesque, 1815",Animalia,Mollusca,Gastropoda,,Planorbidae,,,"Rafinesque, 1815",https://www.marinespecies.org/aphia.php?p=taxdetails&id=153908,"MolluscaBase eds. (2024). MolluscaBase. Planorbidae Rafinesque, 1815. Accessed through: World Register of Marine Species at: https://www.marinespecies.org/aphia.php?p=taxdetails&amp;id=153908 on 2024-07-23",
Patos,Aves,Spatula platalea,TRUE,FALSE,FALSE,ArgentiNat,,Species,,,,Animalia,Chordata,Aves,,,,,,,,
Pleurodema bufoni_adult,Amphibia,Pleurodema bufoni,FALSE,FALSE,TRUE,"Cei, J.M., 1980",,Species,"Pleurodema bufoninum Bell, 1843",accepted,"Pleurodema bufoninum Bell, 1843",Animalia,Chordata,Amphibia,Anura,Leptodactylidae,Pleurodema,bufonium,"Bell, 1843",,,
Pleurodema bufoni_juvenile,Amphibia,Pleurodema bufoni,FALSE,FALSE,TRUE,"Cei, J.M., 1980",,Species,"Pleurodema bufoninum Bell, 1843",accepted,"Pleurodema bufoninum Bell, 1843",Animalia,Chordata,Amphibia,Anura,Leptodactylidae,Pleurodema,bufonium,"Bell, 1843",,,"Cei, J.M., 1980"
Rhinella arenarum_adult,Amphibia,Rhinella arenarum,TRUE,FALSE,TRUE,"Cei, J.M., 1980",1432726,Species,"Rhinella arenarum (Hensel, 1867)",accepted,"Rhinella arenarum (Hensel, 1867)",Animalia,Chordata,Amphibia,Anura,Bufonidae,Rhinella,arenarum,"(Hensel, 1867)",https://www.marinespecies.org/aphia.php?p=taxdetails&id=1432726,"WoRMS (2024). Rhinella arenarum (Hensel, 1867). Accessed at: https://www.marinespecies.org/aphia.php?p=taxdetails&amp;id=1432726 on 2024-07-02",
Rhinella arenarum_juvenile,Amphibia,Rhinella arenarum,TRUE,FALSE,TRUE,"Cei, J.M., 1980",1432726,Species,"Rhinella arenarum (Hensel, 1867)",accepted,"Rhinella arenarum (Hensel, 1867)",Animalia,Chordata,Amphibia,Anura,Bufonidae,Rhinella,arenarum,"(Hensel, 1867)",https://www.marinespecies.org/aphia.php?p=taxdetails&id=1432726,"WoRMS (2024). Rhinella arenarum (Hensel, 1867). Accessed at: https://www.marinespecies.org/aphia.php?p=taxdetails&amp;id=1432726 on 2024-07-02",
Roedores,,,FALSE,FALSE,FALSE,,,,,,,,,,,,,,,,,
Salmo trutta,Teleostei,Salmo trutta,TRUE,TRUE,FALSE,Baigun et al 2022; Cocchia et al 2023,127187,Species,"Salmo trutta Linnaeus, 1758",accepted,"Salmo trutta Linnaeus, 1758",Animalia,Chordata,Teleostei,Salmoniformes,Salmonidae,Salmo,trutta,"Linnaeus, 1758",https://www.marinespecies.org/aphia.php?p=taxdetails&id=127187,"Froese, R. and D. Pauly. Editors. (2024). FishBase. Salmo trutta Linnaeus, 1758. Accessed through: World Register of Marine Species at: https://www.marinespecies.org/aphia.php?p=taxdetails&amp;id=127187 on 2024-07-03",Baigun et al 2022; Cocchia et al 2028
Phoenicopterus chilensis,Aves,Phoenicopterus chilensis,TRUE,TRUE,FALSE,ArgentiNat,990418,Species,"Phoenicopterus chilensis Molina, 1782",accepted,"Phoenicopterus chilensis Molina, 1782",Animalia,Chordata,Aves,Phoenicopteriformes,Phoenicopteridae,Phoenicopterus,chilensis,"Molina, 1782",https://www.marinespecies.org/aphia.php?p=taxdetails&id=990418,"WoRMS (2024). Phoenicopterus chilensis Molina, 1782. Accessed at: https://www.marinespecies.org/aphia.php?p=taxdetails&amp;id=990418 on 2024-07-02",
Vegetacion_costera,,,FALSE,FALSE,FALSE,,,,,,,,,,,,,,,,,
Vegetacion_subacuatica,,,FALSE,FALSE,FALSE,,,,,,,,,,,,,,,,,
Vespertilionidae,Mammalia,Vespertilionidae,FALSE,FALSE,TRUE,ArgentiNat,1037272,Family,"Vespertilionidae Gray, 1821",accepted,"Vespertilionidae Gray, 1821",Animalia,Chordata,Mammalia,Chiroptera,Vespertilionidae,,,"Gray, 1821",https://www.marinespecies.org/aphia.php?p=taxdetails&id=1037272,"WoRMS (2024). Vespertilionidae Gray, 1821. Accessed at: https://www.marinespecies.org/aphia.php?p=taxdetails&amp;id=1037272 on 2024-07-02",
Zooplancton,,,FALSE,FALSE,FALSE,,,,,,,,,,,,,,,,,
Lagartijas,,,FALSE,FALSE,FALSE,,,,,,,,,,,,,,,,,
Plegadis chihi,Aves,Plegadis chihi,TRUE,FALSE,FALSE,ArgentiNat,422583,Species,"Plegadis chihi (Vieillot, 1817)",accepted,"Plegadis chihi (Vieillot, 1817)",Animalia,Chordata,Aves,Ciconiiformes,Threskiornithidae,Plegadis,chihi,"(Vieillot, 1817)",https://www.marinespecies.org/aphia.php?p=taxdetails&id=422583,"WoRMS (2024). Plegadis chihi (Vieillot, 1817). Accessed at: https://www.marinespecies.org/aphia.php?p=taxdetails&amp;id=422583 on 2024-07-02",
Puma,Mammalia,Puma concolor,FALSE,FALSE,TRUE,,#N/A,#ERROR!,#ERROR!,#ERROR!,#ERROR!,#ERROR!,#ERROR!,#ERROR!,#ERROR!,#ERROR!,#ERROR!,#ERROR!,#ERROR!,#N/A,#ERROR!,
Ocelote,Mammalia,Leopardus pardalis,FALSE,FALSE,TRUE,,,,,,,,,,,,,,,,,
Gato montes,Mammalia,Leopardus geoffroyi,FALSE,FALSE,TRUE,,#N/A,#ERROR!,#ERROR!,#ERROR!,#ERROR!,#ERROR!,#ERROR!,#ERROR!,#ERROR!,#ERROR!,#ERROR!,#ERROR!,#ERROR!,#N/A,#ERROR!,
Zorro,Mammalia,Lycalopex culpaeus,FALSE,FALSE,TRUE,,1603297,Species,"Lycalopex culpaeus (Molina, 1782)",accepted,"Lycalopex culpaeus (Molina, 1782)",Animalia,Chordata,Mammalia,Carnivora,Canidae,Lycalopex,culpaeus,"(Molina, 1782)",https://www.marinespecies.org/aphia.php?p=taxdetails&id=1603297,"WoRMS (2024). Lycalopex culpaeus (Molina, 1782). Accessed at: https://www.marinespecies.org/aphia.php?p=taxdetails&amp;id=1603297 on 2024-07-23",
Aves cazadoras,Aves,Buteo lineatus,FALSE,FALSE,TRUE,,159368,Species,"Buteo lineatus (Gmelin, 1788)",accepted,"Buteo lineatus (Gmelin, 1788)",Animalia,Chordata,Aves,Falconiformes,Accipitridae,Buteo,lineatus,"(Gmelin, 1788)",https://www.marinespecies.org/aphia.php?p=taxdetails&id=159368,"WoRMS (2024). Buteo lineatus (Gmelin, 1788). Accessed at: https://www.marinespecies.org/aphia.php?p=taxdetails&amp;id=159368 on 2024-07-23",
Aves cazadoras,Aves,Circus aeruginosus,FALSE,FALSE,TRUE,,558541,Species,"Circus aeruginosus (Linnaeus, 1758)",accepted,"Circus aeruginosus (Linnaeus, 1758)",Animalia,Chordata,Aves,Falconiformes,Accipitridae,Circus,aeruginosus,"(Linnaeus, 1758)",https://www.marinespecies.org/aphia.php?p=taxdetails&id=558541,"WoRMS (2024). Circus aeruginosus (Linnaeus, 1758). Accessed at: https://www.marinespecies.org/aphia.php?p=taxdetails&amp;id=558541 on 2024-07-23",
Lechuza,Aves,Strix aluco,FALSE,FALSE,TRUE,,558588,Species,"Strix aluco Linnaeus, 1758",accepted,"Strix aluco Linnaeus, 1758",Animalia,Chordata,Aves,Strigiformes,Strigidae,Strix,aluco,"Linnaeus, 1758",https://www.marinespecies.org/aphia.php?p=taxdetails&id=558588,"WoRMS (2024). Strix aluco Linnaeus, 1758. Accessed at: https://www.marinespecies.org/aphia.php?p=taxdetails&amp;id=558588 on 2024-07-23",
Comadreja,Mammalia,Mustela erminea,FALSE,FALSE,TRUE,,1506692,Species,"Mustela erminea Linnaeus, 1758",accepted,"Mustela erminea Linnaeus, 1758",Animalia,Chordata,Mammalia,Carnivora,Mustelidae,Mustela,erminea,"Linnaeus, 1758",https://www.marinespecies.org/aphia.php?p=taxdetails&id=1506692,"WoRMS (2024). Mustela erminea Linnaeus, 1758. Accessed at: https://www.marinespecies.org/aphia.php?p=taxdetails&amp;id=1506692 on 2024-07-23",